Date, G Fund, F Fund, C Fund, S Fund, I Fund
2024-12-09, 18.7059, 19.8406, 95.5701, 96.3610, 43.6800
2024-12-06, 18.6993, 19.8907, 96.1474, 97.5419, 43.7593
2024-12-05, 18.6971, 19.8469, 95.8977, 96.9319, 43.8331
2024-12-04, 18.6950, 19.8420, 96.0723, 97.9625, 43.6413
2024-12-03, 18.6928, 19.7721, 95.4926, 96.8154, 43.5415
2024-12-02, 18.6906, 19.8137, 95.4489, 96.9744, 43.2176
2024-11-29, 18.6861, 19.8166, 95.2050, 96.9849, 43.1145
2024-11-27, 18.6793, 19.7298, 94.6646, 96.7224, 42.7367
2024-11-26, 18.6771, 19.6745, 95.0200, 96.8537, 42.6674
2024-11-25, 18.6748, 19.7054, 94.4730, 97.4642, 42.9072
2024-11-22, 18.6680, 19.5294, 94.1871, 96.2559, 42.6555
2024-11-21, 18.6658, 19.5205, 93.8581, 94.6413, 42.4370
2024-11-20, 18.6636, 19.5252, 93.3451, 93.0539, 42.3794
2024-11-19, 18.6613, 19.5495, 93.3400, 92.6787, 42.5790
2024-11-18, 18.6591, 19.5198, 92.9700, 91.8065, 42.5028
2024-11-15, 18.6523, 19.4934, 92.5928, 91.3423, 42.1863
2024-11-14, 18.6501, 19.4981, 93.8201, 92.5393, 42.4295
2024-11-13, 18.6478, 19.5056, 94.3814, 93.6091, 42.4018
2024-11-12, 18.6456, 19.5198, 94.3550, 94.2491, 42.7516
2024-11-08, 18.6365, 19.6594, 94.5314, 93.7551, 43.4457
2024-11-07, 18.6343, 19.6216, 94.1577, 93.1069, 43.8713
2024-11-06, 18.6321, 19.4850, 93.4610, 92.7728, 43.4163
2024-11-05, 18.6298, 19.6311, 91.1543, 88.5945, 43.7839
2024-11-04, 18.6276, 19.5992, 90.0493, 87.0715, 43.4109
2024-11-01, 18.6208, 19.5051, 90.2991, 86.9634, 43.3151
2024-10-31, 18.6189, 19.5932, 89.9277, 86.6133, 43.1207
2024-10-30, 18.6169, 19.6040, 91.6275, 87.8784, 43.5570
2024-10-29, 18.6149, 19.6160, 91.9304, 87.9154, 43.7902
2024-10-28, 18.6129, 19.5991, 91.7822, 87.8358, 43.8560
2024-10-25, 18.6070, 19.6274, 91.5386, 86.7344, 43.6447
2024-10-24, 18.6050, 19.6635, 91.5652, 87.1114, 43.7773
2024-10-23, 18.6030, 19.6287, 91.3691, 86.7437, 43.6398
2024-10-22, 18.6011, 19.6711, 92.2150, 87.4277, 44.0449
2024-10-21, 18.5991, 19.6822, 92.2588, 87.8488, 44.3659
2024-10-18, 18.5931, 19.8101, 92.4236, 88.8655, 44.7123
2024-10-17, 18.5912, 19.8003, 92.0534, 88.6970, 44.4650
2024-10-16, 18.5892, 19.8924, 92.0676, 88.7389, 44.4767
2024-10-15, 18.5872, 19.8633, 91.6381, 87.7925, 44.3475
2024-10-11, 18.5792, 19.8005, 91.6272, 87.3710, 44.7725
2024-10-10, 18.5773, 19.8027, 91.0767, 85.8754, 44.5870
2024-10-09, 18.5753, 19.8033, 91.2521, 86.0351, 44.6649
2024-10-08, 18.5733, 19.8549, 90.6051, 85.5087, 44.6203
2024-10-07, 18.5714, 19.8349, 89.7355, 85.2771, 44.5593
2024-10-04, 18.5654, 19.8906, 90.6030, 86.0157, 44.8806
2024-10-03, 18.5634, 20.0348, 89.7783, 84.7934, 44.6652
2024-10-02, 18.5615, 20.1105, 89.9294, 85.1509, 45.0812
2024-10-01, 18.5595, 20.1510, 89.9128, 85.0979, 45.1457
2024-09-30, 18.5575, 20.0913, 90.7562, 86.1045, 45.4739
2024-09-27, 18.5513, 20.1391, 90.3656, 86.0106, 45.7487
2024-09-26, 18.5493, 20.0850, 90.4765, 85.7441, 45.8866
2024-09-25, 18.5473, 20.0910, 90.1071, 85.1466, 45.0951
2024-09-24, 18.5453, 20.1573, 90.2750, 85.9357, 45.2488
2024-09-23, 18.5432, 20.1309, 90.0485, 85.7742, 44.9548
2024-09-20, 18.5371, 20.1417, 89.7959, 85.7204, 44.8402
2024-09-19, 18.5351, 20.1545, 89.9701, 86.3473, 45.1439
2024-09-18, 18.5330, 20.1466, 88.4631, 84.6402, 44.3486
2024-09-17, 18.5310, 20.2138, 88.7199, 84.6119, 44.5107
2024-09-16, 18.5290, 20.2450, 88.6950, 84.1699, 44.6097
2024-09-13, 18.5229, 20.1852, 88.5660, 83.7028, 44.3927
2024-09-12, 18.5208, 20.1449, 88.0751, 82.1708, 44.1938
2024-09-11, 18.5188, 20.1684, 87.4187, 81.3700, 43.8452
2024-09-10, 18.5168, 20.1776, 86.4949, 80.8163, 43.5742
2024-09-09, 18.5147, 20.1109, 86.1076, 80.8058, 43.7276
2024-09-06, 18.5086, 20.0832, 85.1135, 80.3117, 43.4208
2024-09-05, 18.5066, 20.0536, 86.5977, 81.6915, 44.1214
2024-09-04, 18.5045, 20.0100, 86.8565, 82.1180, 44.0963
2024-09-03, 18.5025, 19.9201, 86.9928, 82.3678, 44.2889
2024-08-30, 18.4962, 19.8266, 88.8635, 84.7940, 45.1255
2024-08-29, 18.4920, 19.8756, 87.9637, 84.1570, 44.9785
2024-08-28, 18.4899, 19.9050, 87.9629, 83.6513, 44.8577
2024-08-27, 18.4878, 19.9187, 88.4917, 84.2813, 44.9866
2024-08-26, 18.4857, 19.9160, 88.3441, 84.5818, 44.8315
2024-08-23, 18.4794, 19.9298, 88.6214, 84.8012, 44.9442
2024-08-22, 18.4773, 19.8497, 87.6150, 82.6836, 44.3003
2024-08-21, 18.4752, 19.9244, 88.4031, 83.4919, 44.4743
2024-08-20, 18.4731, 19.8854, 88.0261, 82.3660, 44.2036
2024-08-19, 18.4710, 19.8262, 88.1982, 83.1722, 44.3078
2024-08-16, 18.4647, 19.7974, 87.3393, 82.2610, 43.7532
2024-08-15, 18.4626, 19.7576, 87.1536, 82.0661, 43.4870
2024-08-14, 18.4605, 19.8389, 85.7452, 80.2928, 42.9577
2024-08-13, 18.4584, 19.8031, 85.4162, 80.3487, 42.7850
2024-08-12, 18.4563, 19.7325, 84.0005, 78.9502, 42.1307
2024-08-09, 18.4500, 19.6925, 83.9848, 79.5703, 42.1177
2024-08-08, 18.4479, 19.6322, 83.5844, 79.4711, 42.0176
2024-08-07, 18.4458, 19.6694, 81.7009, 77.4021, 41.3180
2024-08-06, 18.4438, 19.7215, 82.3353, 78.2931, 41.1242
2024-08-05, 18.4417, 19.8469, 81.4910, 77.4056, 40.7723
2024-08-02, 18.4354, 19.8557, 84.0052, 79.7441, 41.9999
2024-08-01, 18.4333, 19.6284, 85.5777, 82.4145, 42.7459
2024-07-31, 18.4310, 19.5469, 86.7626, 84.5808, 43.7473
2024-07-30, 18.4287, 19.4420, 85.4070, 83.9686, 43.0759
2024-07-29, 18.4264, 19.4185, 85.8331, 83.9385, 43.0183
2024-07-26, 18.4196, 19.3847, 85.7625, 84.3468, 43.1191
2024-07-25, 18.4173, 19.3130, 84.8168, 83.0433, 42.6749
2024-07-24, 18.4150, 19.2744, 85.2551, 82.1598, 42.9413
2024-07-23, 18.4127, 19.3256, 87.2740, 84.2702, 43.4755
2024-07-22, 18.4104, 19.3239, 87.4108, 83.8601, 43.6302
2024-07-19, 18.4036, 19.3323, 86.4743, 82.7137, 43.2723
2024-07-18, 18.4013, 19.3780, 87.0912, 83.0038, 43.6142
2024-07-17, 18.3990, 19.4285, 87.7769, 84.2446, 43.9442
2024-07-16, 18.3967, 19.4177, 89.0159, 85.6318, 44.1626
2024-07-15, 18.3945, 19.3439, 88.4514, 83.4362, 44.1053
2024-07-12, 18.3876, 19.3959, 88.1927, 82.4746, 44.3773
2024-07-11, 18.3853, 19.3500, 87.7092, 81.6427, 43.9774
2024-07-10, 18.3830, 19.2509, 88.4816, 79.7735, 43.8018
2024-07-09, 18.3808, 19.2368, 87.5772, 79.0828, 43.2693
2024-07-08, 18.3785, 19.2522, 87.5108, 79.5268, 43.4159
2024-07-05, 18.3716, 19.2369, 87.4191, 79.2584, 43.5669
2024-07-03, 18.3671, 19.1364, 86.9315, 79.5258, 43.1515
2024-07-02, 18.3648, 19.0498, 86.4898, 79.3226, 42.7865
2024-07-01, 18.3625, 18.9897, 85.9568, 79.1243, 42.6652
2024-06-28, 18.3602, 19.1013, 85.7249, 79.6239, 42.5313
2024-06-27, 18.3531, 19.1871, 86.0663, 79.2864, 42.5535
2024-06-26, 18.3508, 19.1521, 85.9872, 78.7222, 42.5233
2024-06-25, 18.3485, 19.2422, 85.8520, 78.8265, 42.8016
2024-06-24, 18.3461, 19.2388, 85.5158, 79.1956, 42.6516
2024-06-21, 18.3391, 19.2250, 85.7734, 78.8804, 42.3603
2024-05-29, 18.2851, 18.7773, 82.5771, 79.2080, 42.5248
2024-05-28, 18.2827, 18.8478, 83.1889, 80.1188, 43.2313
2024-05-24, 18.2731, 18.9218, 83.1676, 80.4848, 43.1674
2024-05-23, 18.2707, 18.9052, 82.5872, 79.7936, 42.9123
2024-05-22, 18.2683, 18.9659, 83.1984, 80.9971, 43.1108
2024-05-21, 18.2659, 18.9884, 83.4233, 81.5263, 43.4573
2024-05-20, 18.2635, 18.9484, 83.2131, 81.7928, 43.5609
2024-05-17, 18.2563, 18.9700, 83.1296, 81.5412, 43.4779
2024-05-16, 18.2539, 19.0161, 83.0296, 81.4726, 43.3613
2024-05-15, 18.2515, 19.0558, 83.1856, 82.0246, 43.5273
2024-05-14, 18.2492, 18.9315, 82.2072, 81.1176, 43.0782
2024-05-13, 18.2468, 18.8833, 81.7999, 80.2944, 42.8268
2024-05-10, 18.2396, 18.8621, 81.8181, 80.2546, 42.7851
2024-05-09, 18.2372, 18.9045, 81.6710, 80.5135, 42.6510
2024-05-08, 18.2348, 18.8642, 81.2420, 79.8308, 42.4116
2024-05-07, 18.2324, 18.9054, 81.2423, 80.1800, 42.5070
2024-05-06, 18.2301, 18.8618, 81.1294, 80.3590, 42.4196
2024-05-03, 18.2229, 18.8428, 80.2981, 79.2114, 42.1198
2024-05-02, 18.2205, 18.7484, 79.2984, 78.5881, 41.6958
2024-05-01, 18.2181, 18.6626, 78.5799, 77.3864, 41.1665
2024-04-30, 18.2160, 18.6081, 78.8506, 77.1066, 41.2247
2024-04-29, 18.2139, 18.6798, 80.1081, 78.6876, 41.7071
2024-04-26, 18.2074, 18.6272, 79.8499, 78.2895, 41.4755
2024-04-25, 18.2053, 18.5777, 79.0421, 77.6817, 41.2685
2024-04-24, 18.2032, 18.6378, 79.4041, 78.0805, 41.4796
2024-04-23, 18.2010, 18.6832, 79.3866, 78.2232, 41.5222
2024-04-22, 18.1989, 18.6517, 78.4464, 76.8395, 41.0367
2024-04-19, 18.1925, 18.6420, 77.7675, 76.0678, 40.5384
2024-04-18, 18.1904, 18.6185, 78.4510, 76.1152, 40.6697
2024-04-17, 18.1882, 18.6752, 78.6196, 76.2668, 40.6615
2024-04-16, 18.1861, 18.5822, 79.0772, 76.9531, 40.7323
2024-04-15, 18.1840, 18.6421, 79.2397, 77.2693, 41.1370
2024-04-12, 18.1776, 18.7566, 80.2033, 78.5762, 41.2567
2024-04-11, 18.1754, 18.7052, 81.3776, 80.1133, 41.8614
2024-04-10, 18.1733, 18.7206, 80.7746, 79.7263, 41.8060
2024-04-09, 18.1712, 18.9396, 81.5441, 81.3061, 42.3597
2024-04-08, 18.1691, 18.8723, 81.4147, 81.1170, 42.3494
2024-04-05, 18.1626, 18.8902, 81.4438, 80.7279, 42.1409
2024-04-04, 18.1605, 18.9853, 80.5495, 80.0241, 42.0608
2024-04-03, 18.1584, 18.9408, 81.5450, 80.8828, 42.3513
2024-04-02, 18.1563, 18.9285, 81.4521, 80.5300, 42.1126
2024-04-01, 18.1541, 18.9467, 82.0433, 81.7356, 42.2811
2024-03-28, 18.1520, 19.0800, 82.2085, 82.4312, 42.5740
2024-03-27, 18.1431, 19.0919, 82.1142, 82.1880, 42.6767
2024-03-26, 18.1410, 19.0418, 81.4024, 80.9926, 42.4374
2024-03-25, 18.1388, 19.0243, 81.6310, 80.9895, 42.4143
2024-03-22, 18.1322, 19.0485, 81.8807, 80.9329, 42.4713
2024-03-21, 18.1300, 18.9849, 81.9912, 81.7069, 42.5754
2024-03-20, 18.1278, 18.9773, 81.7258, 80.9227, 42.5136
2024-03-19, 18.1256, 18.9413, 80.9943, 79.5288, 42.1166
2024-03-18, 18.1234, 18.8945, 80.5393, 79.0625, 42.0753
2024-03-15, 18.1168, 18.9103, 80.0324, 79.2117, 42.0198
2024-03-14, 18.1146, 18.9234, 80.5520, 79.2595, 42.1080
2024-03-13, 18.1124, 19.0455, 80.7636, 80.4724, 42.3592
2024-03-12, 18.1102, 19.0697, 80.9157, 80.2949, 42.3598
2024-03-08, 18.1015, 19.1458, 80.1061, 80.5414, 42.3527
2024-03-07, 18.0993, 19.1197, 80.6272, 80.8637, 42.4180
2024-03-06, 18.0971, 19.0929, 79.7938, 80.1474, 41.9156
2024-03-05, 18.0949, 19.0524, 79.3800, 79.4562, 41.4466
2024-03-04, 18.0927, 18.9611, 80.1955, 80.4304, 41.5555
2024-03-01, 18.0862, 18.9895, 80.2895, 80.4228, 41.6091
2024-02-29, 18.0841, 18.9153, 79.6467, 79.7756, 41.1907
2024-02-28, 18.0821, 18.8880, 79.2157, 79.2897, 41.1263
2024-02-27, 18.0800, 18.8387, 79.3404, 79.6041, 41.3267
2024-02-26, 18.0780, 18.8730, 79.2037, 78.9004, 41.2586
2024-02-23, 18.0718, 18.9007, 79.5017, 78.6023, 41.3088
2024-02-22, 18.0698, 18.8279, 79.4722, 78.4053, 41.2252
2024-02-21, 18.0677, 18.8223, 77.8243, 77.3615, 40.7776
2024-02-20, 18.0657, 18.8802, 77.7230, 77.8040, 40.7687
2024-02-16, 18.0575, 18.8540, 78.1899, 78.7308, 40.6046
2024-02-15, 18.0554, 18.9135, 78.5552, 79.4533, 40.4421
2024-02-14, 18.0534, 18.8640, 78.0833, 78.2375, 40.0589
2024-02-13, 18.0514, 18.7936, 77.3281, 76.5646, 39.7138
2024-02-12, 18.0493, 18.9681, 78.3906, 78.8746, 40.2499
2024-02-09, 18.0432, 18.9575, 78.4641, 78.1166, 40.1487
2024-02-08, 18.0411, 18.9733, 78.0089, 77.2269, 40.0784
2024-02-07, 18.0391, 19.0226, 77.9546, 76.2382, 40.1189
2024-02-06, 18.0370, 19.0589, 77.3165, 75.9727, 40.0769
2024-02-05, 18.0350, 18.9698, 77.1361, 75.2985, 39.8567
2024-02-02, 18.0288, 19.1138, 77.3819, 76.2789, 40.0436
2024-02-01, 18.0268, 19.2942, 76.5603, 76.1956, 40.3611
2024-01-31, 18.0248, 19.1863, 75.6119, 75.2384, 40.0913
2024-01-30, 18.0229, 19.0995, 76.8476, 76.8869, 40.2111
2024-01-29, 18.0209, 19.0763, 76.8874, 77.3569, 40.2321
2024-01-26, 18.0149, 18.9909, 76.3091, 76.1147, 40.0255
2024-01-25, 18.0129, 19.0106, 76.3590, 75.9675, 39.8397
2024-01-24, 18.0110, 18.9338, 75.9552, 75.6099, 39.7639
2024-01-23, 18.0090, 18.9749, 75.8928, 76.1574, 39.4102
2024-01-22, 18.0070, 19.0157, 75.6700, 76.3586, 39.5505
2024-01-19, 18.0011, 18.9731, 75.5037, 75.2076, 39.3886
2024-01-18, 17.9991, 18.9681, 74.5811, 74.3427, 39.2923
2024-01-17, 17.9971, 19.0027, 73.9245, 73.8457, 38.9751
2024-01-16, 17.9951, 19.0598, 74.3407, 74.4162, 39.4296
2024-01-12, 17.9872, 19.1833, 74.6180, 75.0515, 40.0185
2024-01-11, 17.9852, 19.1425, 74.5563, 75.2572, 39.7984
2024-01-10, 17.9832, 19.0596, 74.6041, 75.5810, 39.8177
2024-01-09, 17.9813, 19.0763, 74.1824, 75.4009, 39.6471
2024-01-08, 17.9793, 19.0867, 74.2820, 75.8487, 39.9519
2024-01-05, 17.9733, 19.0097, 73.2470, 74.4226, 39.5921
2024-01-04, 17.9714, 19.0543, 73.1134, 74.3479, 39.5655
2024-01-03, 17.9694, 19.1554, 73.3557, 74.3601, 39.3759
2024-01-02, 17.9674, 19.1417, 73.9455, 76.2259, 39.7635
2023-12-29, 17.9630, 19.2226, 74.3644, 77.0955, 40.1816
2023-12-28, 17.9563, 19.2412, 74.5713, 78.0496, 40.1666
2023-12-27, 17.9541, 19.2986, 74.5358, 78.1037, 40.2384
2023-12-26, 17.9519, 19.1757, 74.4235, 77.8768, 39.8713
2023-12-22, 17.9429, 19.1601, 74.1093, 77.1382, 39.7991
2023-12-21, 17.9407, 19.1622, 73.9865, 76.6799, 39.7448
2023-12-20, 17.9385, 19.1739, 73.2321, 75.4439, 39.2188
2023-12-19, 17.9363, 19.1068, 74.3150, 76.9073, 39.5712
2023-12-18, 17.9341, 19.0788, 73.8757, 75.7461, 39.2217
2023-12-15, 17.9274, 19.1225, 73.5404, 75.6853, 39.2546
2023-12-14, 17.9251, 19.1431, 73.5431, 76.1719, 39.5129
2023-12-13, 17.9229, 18.9991, 73.3334, 74.3647, 39.1096
2023-12-12, 17.9207, 18.7548, 72.3445, 72.3667, 38.6144
2023-12-11, 17.9185, 18.7211, 72.0109, 72.3315, 38.5538
2023-12-08, 17.9118, 18.7198, 71.7290, 72.0139, 38.4741
2023-12-07, 17.9096, 18.7964, 71.4347, 71.5249, 38.4129
2023-12-06, 17.9074, 18.8134, 70.8589, 71.0085, 38.2600
2023-12-05, 17.9052, 18.7502, 71.1348, 71.1555, 38.0914
2023-12-04, 17.9030, 18.6427, 71.1723, 71.9952, 38.2004
2023-12-01, 17.8963, 18.6929, 71.5592, 71.5764, 38.4578
2023-11-30, 17.8939, 18.5331, 71.1354, 69.8017, 38.1279
2023-11-29, 17.8914, 18.6015, 70.8461, 69.4755, 38.1380
2023-11-28, 17.8890, 18.5010, 70.9014, 68.8451, 38.0913
2023-11-27, 17.8866, 18.4329, 70.8323, 68.9552, 38.0537
2023-11-24, 17.8792, 18.3319, 70.9698, 69.0654, 38.1526
2023-11-22, 17.8743, 18.3923, 70.9262, 68.6717, 37.8638
2023-11-21, 17.8718, 18.3841, 70.6360, 68.2231, 37.8250
2023-11-20, 17.8694, 18.3682, 70.7779, 68.7254, 37.9722
2023-11-17, 17.8620, 18.3358, 70.2515, 68.2675, 37.7726
2023-11-16, 17.8596, 18.3065, 70.1602, 67.5634, 37.2970
2023-11-15, 17.8572, 18.2064, 70.0608, 68.3315, 37.3664
2023-11-14, 17.8547, 18.3099, 69.9367, 68.1010, 37.3679
2023-11-13, 17.8523, 18.0954, 68.6141, 65.2409, 36.4041
2023-11-10, 17.8449, 18.0891, 68.6674, 65.2391, 36.3361
2023-11-09, 17.8425, 18.0669, 67.6016, 64.4925, 36.2846
2023-11-08, 17.8401, 18.2077, 68.1398, 65.3721, 36.2022
2023-11-07, 17.8377, 18.1480, 68.0685, 65.7768, 36.2489
2023-11-06, 17.8353, 18.0589, 67.8745, 65.4909, 36.5044
2023-11-03, 17.8279, 18.1398, 67.7535, 66.2469, 36.5816
2023-11-02, 17.8255, 18.0142, 67.1201, 64.6338, 36.1882
2023-11-01, 17.8231, 17.9043, 65.8741, 63.1101, 35.5299
2023-10-31, 17.8208, 17.7327, 65.1891, 62.7792, 35.1280
2023-10-30, 17.8184, 17.7504, 64.7653, 62.1961, 35.0590
2023-10-27, 17.8114, 17.7871, 63.9912, 61.7108, 34.6764
2023-10-26, 17.8091, 17.7837, 64.2985, 62.3733, 34.8083
2023-10-25, 17.8068, 17.6691, 65.0678, 62.3435, 35.0284
2023-10-24, 17.8044, 17.7990, 66.0143, 63.6982, 35.2261
2023-10-23, 17.8021, 17.7386, 65.5366, 63.1346, 35.1227
2023-10-20, 17.7951, 17.6679, 65.6473, 63.6398, 35.0579
2023-10-19, 17.7927, 17.6115, 66.4821, 64.4962, 35.4434
2023-10-18, 17.7904, 17.6844, 67.0461, 65.4501, 35.7061
2023-10-17, 17.7881, 17.7666, 67.9562, 66.9728, 36.2550
2023-10-16, 17.7858, 17.8913, 67.9629, 66.3857, 36.2326
2023-10-13, 17.7788, 17.9787, 67.2484, 65.2881, 36.0398
2023-10-12, 17.7764, 17.8928, 67.5864, 65.9132, 36.4147
2023-10-11, 17.7741, 18.0472, 68.0042, 67.2202, 36.6489
2023-10-10, 17.7718, 17.9647, 67.7103, 67.1241, 36.5341
2023-10-06, 17.7624, 17.8067, 66.9353, 65.9699, 35.9926
2023-10-05, 17.7601, 17.8728, 66.1431, 65.1397, 35.6269
2023-10-04, 17.7578, 17.8660, 66.2179, 65.2107, 35.3220
2023-10-03, 17.7555, 17.7489, 65.6854, 64.8305, 35.3023
2023-10-02, 17.7531, 17.8913, 66.5952, 66.1459, 35.7699
2023-09-29, 17.7490, 18.0170, 66.5900, 66.9696, 36.2968
2023-09-28, 17.7448, 18.0275, 66.7689, 67.0891, 36.3359
2023-09-27, 17.7428, 17.9792, 66.3691, 66.4175, 36.0820
2023-09-26, 17.7407, 18.0485, 66.3528, 65.8287, 36.1784
2023-09-25, 17.7386, 18.0669, 67.3407, 66.6921, 36.5989
2023-09-22, 17.7324, 18.1937, 67.0697, 66.4617, 36.8195
2023-09-21, 17.7303, 18.1264, 67.2229, 66.5637, 36.8311
2023-09-20, 17.7283, 18.2480, 68.3417, 67.9077, 37.4073
2023-09-19, 17.7262, 18.2577, 68.9852, 68.4045, 37.4531
2023-09-18, 17.7242, 18.3122, 69.1341, 68.6603, 37.3810
2023-09-15, 17.7179, 18.2850, 69.0831, 69.0005, 37.5561
2023-09-14, 17.7159, 18.3282, 69.9307, 69.7014, 37.5711
2023-09-13, 17.7138, 18.3581, 69.3271, 69.0060, 37.1691
2023-09-12, 17.7117, 18.3330, 69.2409, 69.5102, 37.2703
2023-09-11, 17.7097, 18.3183, 69.6351, 69.6378, 37.3818
2023-09-08, 17.7034, 18.3450, 69.1703, 69.3373, 37.0328
2023-09-07, 17.7014, 18.3241, 69.0669, 69.3755, 37.0887
2023-09-06, 17.6993, 18.2763, 69.2803, 69.8454, 37.2047
2023-09-05, 17.6973, 18.3032, 69.7649, 70.0847, 37.2907
2023-09-01, 17.6889, 18.3996, 70.0555, 71.1349, 37.5600
2023-08-31, 17.6869, 18.4862, 69.9266, 70.4227, 37.6166
2023-08-30, 17.6849, 18.4562, 70.0229, 70.2940, 37.7857
2023-08-29, 17.6830, 18.4666, 69.7441, 69.9065, 37.7590
2023-08-28, 17.6810, 18.3540, 68.7448, 68.7624, 37.2248
2023-08-25, 17.6749, 18.3117, 68.3159, 68.2398, 36.8297
2023-08-24, 17.6729, 18.3086, 67.8457, 67.9082, 36.7345
2023-08-23, 17.6709, 18.3557, 68.7688, 68.8584, 37.1939
2023-08-22, 17.6689, 18.1902, 68.0168, 68.0369, 36.8641
2023-08-21, 17.6669, 18.1725, 68.2051, 68.2756, 36.8578
2023-08-18, 17.6609, 18.2605, 67.7379, 68.1665, 36.7288
2023-08-17, 17.6589, 18.2220, 67.7433, 67.8380, 36.7892
2023-08-16, 17.6569, 18.2386, 68.2572, 68.6875, 37.0454
2023-08-15, 17.6549, 18.2913, 68.7663, 69.4049, 37.3461
2023-08-14, 17.6529, 18.3322, 69.5587, 70.3264, 37.7351
2023-08-11, 17.6469, 18.3534, 69.1565, 70.2391, 37.9419
2023-08-10, 17.6449, 18.4205, 69.2207, 70.3124, 38.2391
2023-08-09, 17.6429, 18.5294, 69.1951, 70.4343, 38.0083
2023-08-08, 17.6409, 18.5100, 69.6795, 71.0740, 38.0127
2023-08-07, 17.6389, 18.4477, 69.9736, 71.7269, 38.2463
2023-08-04, 17.6328, 18.4709, 69.3457, 71.4617, 38.0032
2023-08-03, 17.6308, 18.3188, 69.7102, 71.6307, 37.8756
2023-08-02, 17.6289, 18.4426, 69.8850, 71.8330, 38.0070
2023-08-01, 17.6269, 18.4987, 70.8648, 73.1095, 38.7558
2023-07-31, 17.6249, 18.6043, 71.0523, 73.4061, 39.1413
2023-07-28, 17.6191, 18.5820, 70.9459, 72.6930, 39.1484
2023-07-27, 17.6172, 18.5164, 70.2457, 71.6543, 38.8820
2023-07-26, 17.6152, 18.6653, 70.6948, 72.5871, 38.9458
2023-07-25, 17.6133, 18.6144, 70.7047, 72.2457, 38.9313
2023-07-24, 17.6114, 18.6334, 70.5044, 72.1292, 38.7806
2023-07-21, 17.6055, 18.6571, 70.2201, 72.1244, 38.8425
2023-07-20, 17.6036, 18.6455, 70.1974, 72.2722, 38.8218
2023-07-19, 17.6017, 18.7521, 70.6685, 73.1168, 39.0026
2023-07-18, 17.5998, 18.6938, 70.5015, 72.8049, 39.0442
2023-07-17, 17.5978, 18.6769, 70.0036, 72.0267, 38.7854
2023-07-14, 17.5920, 18.6543, 69.7345, 71.3406, 38.8917
2023-07-13, 17.5901, 18.7318, 69.8035, 72.0356, 39.0693
2023-07-12, 17.5881, 18.6216, 69.2107, 71.2102, 38.4014
2023-07-11, 17.5862, 18.4682, 68.7006, 70.6988, 37.6648
2023-07-10, 17.5843, 18.4385, 68.2399, 69.6977, 37.3488
2023-07-07, 17.5785, 18.3742, 68.0764, 68.6900, 37.2301
2023-07-06, 17.5765, 18.3788, 68.2614, 68.0180, 37.0282
2023-07-05, 17.5746, 18.5034, 68.8013, 69.0374, 37.6901
2023-07-03, 17.5707, 18.5769, 68.9285, 69.6303, 38.0608
2023-06-30, 17.5651, 18.6172, 68.8445, 69.3086, 38.0681
2023-06-29, 17.5632, 18.5611, 68.0076, 68.8545, 37.6328
2023-06-28, 17.5614, 18.7084, 67.6969, 68.3261, 37.6849
2023-06-27, 17.5595, 18.6581, 67.7208, 68.0152, 37.6207
2023-06-26, 17.5576, 18.6968, 66.9539, 66.8825, 37.3317
2023-06-23, 17.5520, 18.6667, 67.2540, 66.7245, 37.3309
2023-06-22, 17.5501, 18.6002, 67.7731, 67.5977, 37.9164
2023-06-21, 17.5483, 18.6917, 67.5163, 67.9261, 38.1330
2023-06-20, 17.5464, 18.6773, 67.8681, 68.3011, 38.0935
2023-06-16, 17.5389, 18.6405, 68.1900, 68.7498, 38.5888
2023-06-15, 17.5370, 18.6786, 68.4399, 69.1843, 38.6144
2023-06-14, 17.5351, 18.5729, 67.6052, 68.3651, 38.2786
2023-06-13, 17.5333, 18.5523, 67.5346, 68.7934, 38.0648
2023-06-12, 17.5314, 18.6371, 67.0671, 67.9313, 37.7171
2023-06-09, 17.5258, 18.6042, 66.4473, 67.3718, 37.5563
2023-06-08, 17.5239, 18.6424, 66.3693, 67.7368, 37.5767
2023-06-07, 17.5221, 18.5597, 65.9539, 67.7796, 37.2473
2023-06-06, 17.5202, 18.6533, 66.2041, 67.3138, 37.5298
2023-06-05, 17.5183, 18.6328, 66.0472, 66.0875, 37.3440
2023-06-02, 17.5127, 18.6319, 66.1783, 66.5917, 37.4047
2023-06-01, 17.5108, 18.7260, 65.2265, 64.6622, 36.9878
2023-05-31, 17.5091, 18.6851, 64.5790, 63.9907, 36.4059
2023-05-30, 17.5074, 18.6171, 64.9619, 64.4410, 36.8731
2023-05-26, 17.5004, 18.4739, 64.9565, 64.4145, 37.1748
2023-05-25, 17.4986, 18.4614, 64.1156, 63.4839, 36.8224
2023-05-24, 17.4969, 18.5417, 63.5573, 63.8069, 36.9422
2023-05-23, 17.4952, 18.5861, 64.0250, 64.3947, 37.4811
2023-05-22, 17.4934, 18.5707, 64.7504, 64.9421, 37.9625
2023-05-19, 17.4882, 18.5800, 64.7332, 64.2249, 37.9242
2023-05-18, 17.4864, 18.6279, 64.8255, 64.6884, 37.7088
2023-05-17, 17.4847, 18.7164, 64.2081, 64.0196, 37.7635
2023-05-16, 17.4830, 18.7494, 63.4417, 62.7722, 37.6718
2023-05-15, 17.4812, 18.7934, 63.8457, 63.8109, 37.9472
2023-05-12, 17.4760, 18.8390, 63.6485, 63.0152, 37.6821
2023-05-11, 17.4743, 18.9267, 63.7353, 63.2340, 37.7281
2023-05-10, 17.4725, 18.8773, 63.8312, 63.6510, 37.8998
2023-05-09, 17.4708, 18.7636, 63.5443, 63.3500, 37.9533
2023-05-08, 17.4691, 18.7848, 63.8320, 63.4600, 38.0800
2023-05-05, 17.4638, 18.8824, 63.8020, 63.3533, 38.0201
2023-05-04, 17.4621, 18.9403, 62.6413, 61.9728, 37.5526
2023-05-03, 17.4603, 18.9744, 63.0898, 62.6068, 37.6661
2023-05-02, 17.4586, 18.8880, 63.5325, 62.5949, 37.5239
2023-05-01, 17.4569, 18.7097, 64.2768, 63.7492, 37.8217
2023-04-28, 17.4552, 18.8923, 64.3024, 63.7099, 37.9281
2023-04-27, 17.4499, 18.7875, 63.7692, 63.1739, 37.8927
2023-04-26, 17.4482, 18.8703, 62.5441, 62.3112, 37.5443
2023-04-25, 17.4465, 18.9424, 62.7851, 62.6495, 37.6094
2023-04-24, 17.4448, 18.8137, 63.7911, 64.2247, 38.0490
2023-04-21, 17.4395, 18.7377, 63.7364, 64.3947, 37.9012
2023-04-20, 17.4378, 18.7667, 63.6770, 64.3832, 37.7867
2023-04-19, 17.4361, 18.6911, 64.0519, 64.8376, 37.7652
2023-04-18, 17.4344, 18.7118, 64.0576, 64.7587, 37.8820
2023-04-17, 17.4326, 18.6906, 64.0027, 64.8020, 37.6402
2023-04-14, 17.4274, 18.7807, 63.7909, 64.2217, 37.7565
2023-04-13, 17.4257, 18.8658, 63.9243, 64.6242, 37.9032
2023-04-12, 17.4240, 18.8948, 63.0778, 63.8884, 37.4084
2023-04-11, 17.4223, 18.8640, 63.3385, 64.3619, 37.1425
2023-04-10, 17.4205, 18.8465, 63.3415, 63.9086, 36.8557
2023-04-06, 17.4136, 18.9885, 63.2769, 63.3117, 37.0307
2023-04-05, 17.4118, 18.9955, 63.0382, 63.2345, 36.9416
2023-04-04, 17.4101, 18.9429, 63.1879, 63.9885, 37.1779
2023-04-03, 17.4084, 18.8608, 63.5507, 64.9569, 37.0917
2023-03-31, 17.4025, 18.7793, 63.3162, 65.1315, 36.8714
2023-03-30, 17.4005, 18.6927, 62.4126, 63.7964, 36.6939
2023-03-29, 17.3985, 18.6574, 62.0498, 63.6151, 36.2361
2023-03-28, 17.3966, 18.6560, 61.1789, 62.6848, 35.8596
2023-03-27, 17.3946, 18.6854, 61.2737, 62.6866, 35.6894
2023-03-24, 17.3887, 18.8663, 61.1729, 62.1188, 35.4197
2023-03-23, 17.3867, 18.8547, 60.8290, 61.8586, 35.7554
2023-03-22, 17.3848, 18.8031, 60.6434, 62.0341, 35.6406
2023-03-21, 17.3828, 18.6152, 61.6538, 63.7177, 35.6055
2023-03-20, 17.3808, 18.6769, 60.8596, 62.3656, 35.1497
2023-03-17, 17.3749, 18.7669, 60.3210, 61.7881, 34.7143
2023-03-16, 17.3729, 18.6100, 60.9928, 63.1967, 34.9633
2023-03-15, 17.3710, 18.6960, 59.9311, 62.1709, 34.5130
2023-03-14, 17.3690, 18.5252, 60.3509, 63.1766, 35.5420
2023-03-13, 17.3671, 18.6474, 59.3391, 62.0892, 35.2352
2023-03-10, 17.3611, 18.5027, 59.4353, 62.8310, 35.6020
2023-03-09, 17.3592, 18.2902, 60.3154, 64.8671, 35.8353
2023-03-08, 17.3572, 18.2200, 61.4387, 66.7860, 35.9602
2023-03-07, 17.3553, 18.2367, 61.3466, 66.7696, 35.8593
2023-03-06, 17.3533, 18.2616, 62.2999, 67.5438, 36.4365
2023-03-03, 17.3474, 18.2889, 62.2547, 68.4112, 36.4297
2023-03-02, 17.3454, 18.1510, 61.2602, 67.3757, 35.9680
2023-03-01, 17.3435, 18.2054, 60.7903, 67.0574, 35.8888
2023-02-28, 17.3418, 18.3132, 61.0749, 67.0764, 35.7603
2023-02-27, 17.3401, 18.3009, 61.2552, 67.0634, 35.9464
2023-02-24, 17.3349, 18.2678, 61.0600, 66.8523, 35.5315
2023-02-23, 17.3332, 18.3706, 61.7076, 67.5626, 36.0756
2023-02-22, 17.3315, 18.3092, 61.3759, 67.2404, 36.0234
2023-02-21, 17.3298, 18.2692, 61.4713, 66.9527, 36.2348
2023-02-17, 17.3228, 18.4325, 62.7279, 68.8575, 36.5235
2023-02-16, 17.3211, 18.3932, 62.8906, 69.1651, 36.4957
2023-02-15, 17.3194, 18.4625, 63.7643, 69.9996, 36.5624
2023-02-14, 17.3177, 18.5002, 63.5717, 68.9504, 36.7447
2023-02-13, 17.3160, 18.5665, 63.5815, 68.6076, 36.7024
2023-02-10, 17.3108, 18.5202, 62.8525, 67.8085, 36.3856
2023-02-09, 17.3091, 18.6010, 62.7026, 67.9793, 36.6237
2023-02-08, 17.3074, 18.6710, 63.2515, 68.9518, 36.5007
2023-02-07, 17.3057, 18.6361, 63.9582, 69.7996, 36.6418
2023-02-06, 17.3040, 18.6657, 63.1439, 69.0927, 36.3636
2023-02-03, 17.2988, 18.7903, 63.5291, 69.9542, 36.7896
2023-02-02, 17.2971, 18.9411, 64.1910, 70.8659, 37.1723
2023-02-01, 17.2954, 18.9280, 63.2578, 69.4009, 37.1139
2023-01-31, 17.2935, 18.7991, 62.6030, 68.1902, 36.8039
2023-01-30, 17.2917, 18.7300, 61.6984, 66.6023, 36.6336
2023-01-27, 17.2859, 18.7842, 62.5031, 67.6445, 36.8512
2023-01-26, 17.2841, 18.7937, 62.3466, 67.0875, 36.9121
2023-01-25, 17.2822, 18.8362, 61.6635, 66.3900, 36.8717
2023-01-24, 17.2803, 18.8066, 61.6741, 66.2775, 36.6958
2023-01-23, 17.2784, 18.7239, 61.7172, 66.6060, 36.6308
2023-01-20, 17.2727, 18.7669, 60.9921, 65.5491, 36.5188
2023-01-19, 17.2709, 18.8541, 59.8582, 64.1668, 36.1722
2023-01-18, 17.2690, 18.8993, 60.3111, 64.9470, 36.3616
2023-01-17, 17.2671, 18.7182, 61.2654, 65.8848, 36.4033
2023-01-13, 17.2595, 18.7406, 61.3899, 65.8056, 36.2888
2023-01-12, 17.2576, 18.8029, 61.1434, 65.4094, 36.0676
2023-01-11, 17.2557, 18.6666, 60.9279, 64.5760, 35.5535
2023-01-10, 17.2539, 18.5559, 60.1532, 63.5930, 35.3280
2023-01-09, 17.2520, 18.6338, 59.7362, 62.8115, 35.3242
2023-01-06, 17.2463, 18.5763, 59.7718, 62.5154, 35.0441
2023-01-05, 17.2444, 18.3808, 58.4370, 61.2283, 34.2187
2023-01-04, 17.2425, 18.3977, 59.1156, 62.0623, 34.5438
2023-01-03, 17.2407, 18.3031, 58.6704, 61.1436, 34.1009
2022-12-30, 17.2352, 18.2074, 58.9043, 61.5305, 33.9422
2022-12-29, 17.2316, 18.2819, 59.0510, 61.6545, 34.1698
2022-12-28, 17.2299, 18.2129, 58.0309, 60.1184, 33.6813
2022-12-27, 17.2281, 18.2486, 58.7373, 60.9983, 33.9634
2022-12-23, 17.2208, 18.3588, 58.9717, 61.3898, 33.9379
2022-12-22, 17.2191, 18.4230, 58.6264, 61.1795, 33.8405
2022-12-21, 17.2174, 18.4397, 59.4866, 62.0709, 34.1285
2022-12-20, 17.2157, 18.4059, 58.6079, 61.0676, 33.7920
2022-12-19, 17.2139, 18.5246, 58.5453, 60.7610, 33.5960
2022-12-16, 17.2085, 18.6354, 59.0738, 61.7387, 33.6905
2022-12-15, 17.2068, 18.6803, 59.7361, 62.3336, 34.0056
2022-12-14, 17.2050, 18.6679, 61.2594, 64.0441, 34.9166
2022-12-13, 17.2033, 18.6154, 61.6206, 64.3391, 34.9193
2022-12-12, 17.2016, 18.4880, 61.1730, 63.7892, 34.3886
2022-12-09, 17.1961, 18.4886, 60.3110, 62.8607, 34.3379
2022-12-08, 17.1942, 18.6026, 60.7556, 63.4879, 34.2620
2022-12-07, 17.1924, 18.6545, 60.2930, 62.9026, 34.1081
2022-12-06, 17.1906, 18.5002, 60.4043, 63.0687, 34.1327
2022-12-05, 17.1888, 18.4324, 61.2851, 64.0984, 34.2837
2022-12-02, 17.1833, 18.5728, 62.4016, 66.0443, 34.7731
2022-12-01, 17.1814, 18.5106, 62.4711, 65.9373, 34.8147
2022-11-30, 17.1794, 18.3266, 62.5151, 65.8450, 34.5826
2022-11-29, 17.1774, 18.2149, 60.6218, 63.8786, 33.8213
2022-11-28, 17.1755, 18.2852, 60.7129, 63.7509, 33.6941
2022-11-25, 17.1694, 18.3075, 61.6648, 65.0050, 34.2066
2022-11-23, 17.1654, 18.2834, 61.6805, 64.8268, 34.0065
2022-11-22, 17.1634, 18.1863, 61.3147, 64.4506, 33.5971
2022-11-21, 17.1614, 18.1002, 60.4918, 63.6048, 33.1085
2022-11-18, 17.1554, 18.0990, 60.7210, 64.1105, 33.3993
2022-11-17, 17.1534, 18.1246, 60.4314, 63.8540, 33.2965
2022-11-16, 17.1514, 18.2077, 60.6063, 64.5191, 33.3519
2022-11-15, 17.1495, 18.0973, 61.0963, 65.9110, 33.5329
2022-11-14, 17.1475, 17.9798, 60.5637, 64.7668, 33.2673
2022-11-10, 17.1394, 18.0119, 60.5353, 64.7361, 32.9163
2022-11-09, 17.1374, 17.6635, 57.3544, 60.5701, 31.1919
2022-11-08, 17.1354, 17.6370, 58.5588, 62.2650, 31.6532
2022-11-07, 17.1335, 17.5612, 58.2328, 62.0588, 31.3354
2022-11-04, 17.1274, 17.6092, 57.6778, 61.6751, 31.1473
2022-11-03, 17.1255, 17.6168, 56.8915, 61.2736, 29.9672
2022-11-02, 17.1235, 17.6916, 57.4928, 61.6402, 30.2527
2022-11-01, 17.1215, 17.7097, 58.9672, 63.7743, 30.6840
2022-10-31, 17.1196, 17.6733, 59.2098, 63.5610, 30.4105
2022-10-28, 17.1139, 17.7475, 59.6513, 63.7366, 30.6677
2022-10-27, 17.1121, 17.7891, 58.2115, 62.5983, 30.4535
2022-10-26, 17.1102, 17.6964, 58.5670, 62.5404, 30.7174
2022-10-25, 17.1083, 17.6097, 59.0023, 62.5420, 30.4294
2022-10-24, 17.1064, 17.4427, 58.0579, 60.7220, 29.7725
2022-10-21, 17.1007, 17.4602, 57.3764, 60.5499, 29.7450
2022-10-20, 17.0988, 17.4517, 56.0461, 59.4189, 29.2381
2022-10-19, 17.0970, 17.5584, 56.4892, 59.9834, 29.2711
2022-10-18, 17.0951, 17.7032, 56.8691, 61.1579, 29.6876
2022-10-17, 17.0932, 17.6668, 56.2251, 60.2922, 29.4768
2022-10-14, 17.0875, 17.6476, 54.7749, 58.3616, 28.7325
2022-10-13, 17.0856, 17.7194, 56.1001, 60.0208, 29.1486
2022-10-12, 17.0838, 17.8056, 54.6742, 58.9745, 28.6080
2022-10-11, 17.0819, 17.7867, 54.8534, 59.0842, 28.7453
2022-10-07, 17.0743, 17.8581, 55.6287, 60.0168, 29.1623
2022-10-06, 17.0724, 17.9345, 57.2292, 62.0012, 29.6408
2022-10-05, 17.0705, 18.0032, 57.8065, 62.3182, 30.1799
2022-10-04, 17.0687, 18.1021, 57.9178, 62.6389, 30.5019
2022-10-03, 17.0668, 18.0522, 56.1926, 60.0482, 29.3287
2022-09-30, 17.0620, 17.8995, 54.7748, 58.5313, 28.6939
2022-09-29, 17.0604, 17.9544, 55.6098, 58.8904, 28.7989
2022-09-28, 17.0588, 18.0426, 56.8013, 60.2846, 29.1364
2022-09-27, 17.0572, 17.7774, 55.7020, 58.5006, 28.5485
2022-09-26, 17.0556, 17.8489, 55.8168, 58.2086, 28.6372
2022-09-23, 17.0509, 18.0812, 56.4001, 59.1592, 29.1064
2022-09-22, 17.0493, 18.1252, 57.3879, 60.5123, 30.0328
2022-09-21, 17.0477, 18.3305, 57.8732, 62.0848, 30.1866
2022-09-20, 17.0461, 18.2668, 58.8771, 63.0540, 30.6100
2022-09-19, 17.0445, 18.3365, 59.5478, 64.1245, 31.0793
2022-09-16, 17.0397, 18.3680, 59.1415, 63.6260, 30.9923
2022-09-15, 17.0382, 18.3809, 59.5685, 64.7815, 31.1705
2022-09-14, 17.0366, 18.4325, 60.2443, 65.2453, 31.4258
2022-09-13, 17.0350, 18.4258, 60.0244, 65.0105, 31.3830
2022-09-12, 17.0334, 18.5170, 62.7347, 67.6917, 32.4496
2022-09-09, 17.0286, 18.5379, 62.0774, 66.9162, 31.9426
2022-09-08, 17.0270, 18.5470, 61.1380, 65.5009, 31.2802
2022-09-07, 17.0255, 18.6011, 60.7296, 64.7347, 31.2021
2022-09-06, 17.0239, 18.4976, 59.6343, 63.2692, 30.9943
2022-09-02, 17.0175, 18.6645, 59.8765, 63.7856, 31.1915
2022-09-01, 17.0159, 18.5920, 60.5218, 64.1717, 31.1712
